Nombre_Empleado,ID_Empleado,ID_Casado,ID_EstadoCivil,ID_Género,ID_EstadoEmpleado,ID_Departamento,ID_Rendimiento,ID_FeriaTrabajoDiversidad,Salario,Terminado,ID_Posición,Posición,Estado,Código_Postal,Fecha_Nacimiento,Género,Descripción_EstadoCivil,Descripción_Ciudadanía,Hispano_Latino,Descripción_Raza,Fecha_Contratación,Fecha_Terminación,Motivo_Terminación,Estado_Empleo,Departamento,Nombre_Gerente,ID_Gerente,Fuente_Reclutamiento,Puntuación_Rendimiento,Encuesta_Compromiso,Satisfacción_Empleado,Proyectos_Especiales,Fecha_ÚltimaRevisiónDesempeño,Días_Tardanza30Días,Ausencias,Edad
"Adinolfi, Wilson  K",10026,0,0,1,1,5,4,0,62506,0,19,Production Technician I,MA,1960,1983-07-10,M ,Single,US Citizen,No,White,7/5/2011,2024-01-01,N/A-StillEmployed,Active,Production       ,Michael Albert,22.0,LinkedIn,Exceeds,4.6,5,0,1/17/2019,0,1,40.0
"Ait Sidi, Karthikeyan   ",10084,1,1,1,5,3,3,0,104437,1,27,Sr. DBA,MA,2148,1975-05-05,M ,Married,US Citizen,No,White,3/30/2015,6/16/2016,career change,Voluntarily Terminated,IT/IS,Simon Roup,4.0,Indeed,Fully Meets,4.96,3,6,2/24/2016,0,17,48.0
"Akinkuolie, Sarah",10196,1,1,0,5,5,3,0,64955,1,20,Production Technician II,MA,1810,1988-09-19,F,Married,US Citizen,No,White,7/5/2011,9/24/2012,hours,Voluntarily Terminated,Production       ,Kissy Sullivan,20.0,LinkedIn,Fully Meets,3.02,3,0,5/15/2012,0,3,35.0
"Alagbe,Trina",10088,1,1,0,1,5,3,0,64991,0,19,Production Technician I,MA,1886,1988-09-27,F,Married,US Citizen,No,White,1/7/2008,2024-01-01,N/A-StillEmployed,Active,Production       ,Elijiah Gray,16.0,Indeed,Fully Meets,4.84,5,0,1/3/2019,0,15,35.0
"Anderson, Carol ",10069,0,2,0,5,5,3,0,50825,1,19,Production Technician I,MA,2169,1989-09-08,F,Divorced,US Citizen,No,White,7/11/2011,9/6/2016,return to school,Voluntarily Terminated,Production       ,Webster Butler,39.0,Google Search,Fully Meets,5.0,4,0,2/1/2016,0,2,34.0
"Anderson, Linda  ",10002,0,0,0,1,5,4,0,57568,0,19,Production Technician I,MA,1844,1977-05-22,F,Single,US Citizen,No,White,1/9/2012,2024-01-01,N/A-StillEmployed,Active,Production       ,Amy Dunn,11.0,LinkedIn,Exceeds,5.0,5,0,1/7/2019,0,15,46.0
"Andreola, Colby",10194,0,0,0,1,4,3,0,95660,0,24,Software Engineer,MA,2110,1979-05-24,F,Single,US Citizen,No,White,11/10/2014,2024-01-01,N/A-StillEmployed,Active,Software Engineering,Alex Sweetwater,10.0,LinkedIn,Fully Meets,3.04,3,4,1/2/2019,0,19,44.0
"Athwal, Sam",10062,0,4,1,1,5,3,0,59365,0,19,Production Technician I,MA,2199,1983-02-18,M ,Widowed,US Citizen,No,White,9/30/2013,2024-01-01,N/A-StillEmployed,Active,Production       ,Ketsia Liebig,19.0,Employee Referral,Fully Meets,5.0,4,0,2/25/2019,0,19,40.0
"Bacong, Alejandro ",10250,0,2,1,1,3,3,0,50178,0,14,IT Support,MA,1886,1988-01-07,M ,Divorced,US Citizen,No,White,1/5/2015,2024-01-01,N/A-StillEmployed,Active,IT/IS,Peter Monroe,7.0,Indeed,Fully Meets,5.0,5,6,2/18/2019,0,16,36.0
"Baczenski, Rachael  ",10252,1,1,0,5,5,3,1,54670,1,19,Production Technician I,MA,1902,1974-01-12,F,Married,US Citizen,Yes,Black or African American,1/10/2011,1/12/2017,Another position,Voluntarily Terminated,Production       ,David Stanley,14.0,Diversity Job Fair,Fully Meets,4.2,4,0,1/30/2016,0,12,50.0
"Barbara, Thomas",10242,1,1,1,5,5,3,1,47211,1,19,Production Technician I,MA,2062,1974-02-21,M ,Married,US Citizen,Yes,Black or African American,4/2/2012,9/19/2016,unhappy,Voluntarily Terminated,Production       ,Kissy Sullivan,20.0,Diversity Job Fair,Fully Meets,4.2,3,0,5/6/2016,0,15,49.0
"Barbossa, Hector",10012,0,2,1,1,3,4,1,92328,0,9,Data Analyst,TX,78230,1988-07-04,M ,Divorced,US Citizen,No,Black or African American,11/10/2014,2024-01-01,N/A-StillEmployed,Active,IT/IS,Simon Roup,4.0,Diversity Job Fair,Exceeds,4.28,4,5,2/25/2019,0,9,35.0
"Barone, Francesco  A",10265,0,0,1,1,5,3,0,58709,0,19,Production Technician I,MA,1810,1983-07-20,M ,Single,US Citizen,No,Two or more races,2/20/2012,2024-01-01,N/A-StillEmployed,Active,Production       ,Kelley Spirea,18.0,Google Search,Fully Meets,4.6,4,0,2/14/2019,0,7,40.0
"Barton, Nader",10066,0,2,1,5,5,3,0,52505,1,19,Production Technician I,MA,2747,1977-07-15,M ,Divorced,US Citizen,No,White,9/24/2012,4/6/2017,Another position,Voluntarily Terminated,Production       ,Michael Albert,22.0,On-line Web application,Fully Meets,5.0,5,0,3/2/2017,0,1,46.0
"Bates, Norman",10061,0,0,1,4,5,3,0,57834,1,19,Production Technician I,MA,2050,1981-10-18,M ,Single,US Citizen,No,White,2/21/2011,8/4/2017,attendance,Terminated for Cause,Production       ,Kelley Spirea,18.0,Google Search,Fully Meets,5.0,4,0,4/5/2017,0,20,42.0
"Becker, Renee",10245,0,0,0,4,3,3,0,110000,1,8,Database Administrator,MA,2026,1986-04-04,F,Single,US Citizen,Yes,White,7/7/2014,9/12/2015,performance,Terminated for Cause,IT/IS,Simon Roup,4.0,Google Search,Fully Meets,4.5,4,5,1/15/2015,0,8,37.0
"Becker, Scott",10277,0,0,1,3,5,3,0,53250,0,19,Production Technician I,MA,2452,1979-04-06,M ,Single,US Citizen,No,Asian,7/8/2013,2024-01-01,N/A-StillEmployed,Active,Production       ,Webster Butler,0.0,LinkedIn,Fully Meets,4.2,4,0,1/11/2019,0,13,44.0
"Billis, Helen",10003,1,1,0,1,5,4,0,62910,0,19,Production Technician I,MA,2031,1989-09-01,F,Married,US Citizen,No,White,7/7/2014,2024-01-01,N/A-StillEmployed,Active,Production       ,Brannon Miller,12.0,Indeed,Exceeds,5.0,3,0,2/27/2019,0,19,34.0
"Blount, Dianna",10294,0,0,0,1,5,2,0,66441,0,20,Production Technician II,MA,2171,1990-09-21,F,Single,US Citizen,No,White,4/4/2011,2024-01-01,N/A-StillEmployed,Active,Production       ,Michael Albert,22.0,CareerBuilder,Needs Improvement,2.0,3,0,2/27/2019,2,3,33.0
"Boutwell, Bonalyn",10081,1,1,0,1,1,3,1,106367,0,26,Sr. Accountant,MA,2468,1987-04-04,F,Married,US Citizen,No,Black or African American,2/16/2015,2024-01-01,N/A-StillEmployed,Active,Admin Offices,Brandon R. LeBlanc,3.0,Diversity Job Fair,Fully Meets,5.0,4,3,2/18/2019,0,4,36.0
"Brill, Donna",10177,1,1,0,5,5,3,0,53492,1,19,Production Technician I,MA,1701,1990-08-24,F,Married,US Citizen,No,White,4/2/2012,6/15/2013,Another position,Voluntarily Terminated,Production       ,David Stanley,14.0,Google Search,Fully Meets,3.35,4,0,3/4/2013,0,6,33.0
"Brown, Mia",10238,1,1,0,1,1,3,1,63000,0,1,Accountant I,MA,1450,1987-11-24,F,Married,US Citizen,No,Black or African American,10/27/2008,2024-01-01,N/A-StillEmployed,Active,Admin Offices,Brandon R. LeBlanc,1.0,Diversity Job Fair,Fully Meets,4.5,2,6,1/15/2019,0,14,36.0
"Buccheri, Joseph  ",10184,0,0,1,1,5,3,0,65288,0,20,Production Technician II,MA,1013,1983-07-28,M ,Single,US Citizen,No,White,9/29/2014,2024-01-01,N/A-StillEmployed,Active,Production       ,Webster Butler,0.0,Google Search,Fully Meets,3.19,3,0,2/1/2019,0,9,40.0
"Burke, Joelle",10107,0,0,0,1,5,3,0,63763,0,20,Production Technician II,MA,2148,1980-03-02,F,Single,US Citizen,No,Black or African American,3/5/2012,2024-01-01,N/A-StillEmployed,Active,Production       ,Amy Dunn,11.0,Employee Referral,Fully Meets,4.51,4,0,2/21/2019,0,3,43.0
"Burkett, Benjamin ",10181,1,1,1,1,5,3,0,62162,0,20,Production Technician II,MA,1890,1977-08-19,M ,Married,US Citizen,No,White,4/4/2011,2024-01-01,N/A-StillEmployed,Active,Production       ,Ketsia Liebig,19.0,Indeed,Fully Meets,3.25,5,0,1/14/2019,0,15,46.0
"Candie, Calvin",10001,0,0,1,1,5,4,0,72640,0,18,Production Manager,MA,2169,1983-08-09,M ,Single,US Citizen,No,White,1/28/2016,2024-01-01,N/A-StillEmployed,Active,Production       ,Janet King,2.0,Indeed,Exceeds,5.0,3,0,2/22/2019,0,14,40.0
"Carabbio, Judith",10085,0,0,0,1,4,3,0,93396,0,24,Software Engineer,MA,2132,1987-04-05,F,Single,US Citizen,No,White,11/11/2013,2024-01-01,N/A-StillEmployed,Active,Software Engineering,Alex Sweetwater,10.0,Indeed,Fully Meets,4.96,4,6,1/30/2019,0,3,36.0
"Carey, Michael  ",10115,0,0,1,1,5,3,0,52846,0,19,Production Technician I,MA,1701,1983-02-02,M ,Single,US Citizen,No,Black or African American,3/31/2014,2024-01-01,N/A-StillEmployed,Active,Production       ,Kelley Spirea,18.0,LinkedIn,Fully Meets,4.43,3,0,2/1/2019,0,14,41.0
"Carr, Claudia  N",10082,0,0,0,2,3,3,0,100031,0,27,Sr. DBA,MA,1886,1986-06-06,F,Single,US Citizen,No,Black or African American,6/30/2016,2024-01-01,N/A-StillEmployed,Active,IT/IS,Simon Roup,4.0,LinkedIn,Fully Meets,5.0,5,6,2/18/2019,0,7,37.0
"Chan, Lin",10210,0,0,0,1,5,3,0,54237,0,19,Production Technician I,MA,2170,1979-02-12,F,Single,US Citizen,No,White,5/12/2014,2024-01-01,N/A-StillEmployed,Active,Production       ,Elijiah Gray,16.0,Indeed,Fully Meets,3.3,4,0,2/19/2019,0,11,45.0
"Chang, Donovan  E",10154,0,0,1,1,5,3,0,60380,0,19,Production Technician I,MA,1845,1983-08-24,M ,Single,US Citizen,No,White,7/8/2013,2024-01-01,N/A-StillEmployed,Active,Production       ,Webster Butler,0.0,LinkedIn,Fully Meets,3.8,5,0,1/14/2019,0,4,40.0
"Chivukula, Enola",10240,0,0,0,5,5,3,0,64786,1,19,Production Technician I,MA,1775,1983-08-27,F,Single,US Citizen,No,White,6/27/2011,11/15/2015,relocation out of area,Voluntarily Terminated,Production       ,Amy Dunn,11.0,Indeed,Fully Meets,4.3,4,0,3/10/2015,0,3,40.0
"Cierpiszewski, Caroline  ",10168,0,0,0,1,5,3,0,64816,0,19,Production Technician I,MA,2044,1988-05-31,F,Single,Non-Citizen,No,Black or African American,10/3/2011,2024-01-01,N/A-StillEmployed,Active,Production       ,Ketsia Liebig,19.0,Indeed,Fully Meets,3.58,5,0,1/30/2019,0,3,35.0
"Clayton, Rick",10220,0,0,1,1,3,3,0,68678,0,14,IT Support,MA,2170,1985-09-05,M ,Single,US Citizen,No,White,9/5/2012,2024-01-01,N/A-StillEmployed,Active,IT/IS,Eric Dougall,6.0,Indeed,Fully Meets,4.7,3,6,2/27/2019,0,2,38.0
"Cloninger, Jennifer",10275,1,1,0,5,5,3,0,64066,1,20,Production Technician II,MA,1752,1981-08-31,F,Married,US Citizen,No,White,5/16/2011,1/7/2013,unhappy,Voluntarily Terminated,Production       ,Brannon Miller,12.0,Google Search,Fully Meets,4.2,5,0,5/3/2012,0,9,42.0
"Close, Phil",10269,1,1,1,5,5,3,0,59369,1,20,Production Technician II,MA,2169,1978-11-25,M ,Married,US Citizen,No,White,8/30/2010,9/26/2011,career change,Voluntarily Terminated,Production       ,David Stanley,14.0,Indeed,Fully Meets,4.2,4,0,5/4/2011,0,6,45.0
"Clukey, Elijian",10029,1,1,1,2,5,4,0,50373,0,19,Production Technician I,MA,2134,1980-08-26,M ,Married,US Citizen,No,White,7/6/2016,2024-01-01,N/A-StillEmployed,Active,Production       ,Brannon Miller,12.0,Employee Referral,Exceeds,4.1,4,0,2/28/2019,0,5,43.0
"Cockel, James",10261,0,0,1,1,5,3,0,63108,0,19,Production Technician I,MA,2452,1977-09-08,M ,Single,US Citizen,No,White,7/8/2013,2024-01-01,N/A-StillEmployed,Active,Production       ,David Stanley,14.0,Employee Referral,Fully Meets,4.4,5,0,1/14/2019,0,3,46.0
"Cole, Spencer",10292,0,0,1,4,5,2,0,59144,1,19,Production Technician I,MA,1880,1979-08-12,M ,Single,US Citizen,No,Black or African American,7/11/2011,9/23/2016,performance,Terminated for Cause,Production       ,Kissy Sullivan,20.0,LinkedIn,Needs Improvement,2.0,3,0,5/1/2016,5,16,44.0
"Corleone, Michael",10282,0,2,1,1,5,2,0,68051,0,18,Production Manager,MA,1803,1975-12-17,M ,Divorced,US Citizen,No,White,7/20/2010,2024-01-01,N/A-StillEmployed,Active,Production       ,Janet King,2.0,CareerBuilder,Needs Improvement,4.13,2,0,1/14/2019,3,3,48.0
"Corleone, Vito",10019,0,0,1,1,5,4,0,170500,0,10,Director of Operations,MA,2030,1983-03-19,M ,Single,US Citizen,No,Black or African American,1/5/2009,2024-01-01,N/A-StillEmployed,Active,Production       ,Janet King,2.0,Indeed,Exceeds,3.7,5,0,2/4/2019,0,15,40.0
"Cornett, Lisa ",10094,1,1,0,1,5,3,0,63381,0,19,Production Technician I,MA,2189,1977-03-31,F,Married,US Citizen,Yes,White,1/5/2015,2024-01-01,N/A-StillEmployed,Active,Production       ,Kelley Spirea,18.0,Indeed,Fully Meets,4.73,5,0,2/14/2019,0,6,46.0
"Costello, Frank",10193,1,1,1,1,3,3,0,83552,0,9,Data Analyst,MA,1810,1986-08-26,M ,Married,US Citizen,No,White,3/30/2015,2024-01-01,N/A-StillEmployed,Active,IT/IS,Simon Roup,4.0,Indeed,Fully Meets,3.04,3,6,1/22/2019,0,2,37.0
"Crimmings,   Jean",10132,0,0,0,2,5,3,0,56149,0,19,Production Technician I,MA,1821,1987-04-10,F,Single,US Citizen,No,White,7/6/2016,2024-01-01,N/A-StillEmployed,Active,Production       ,Michael Albert,22.0,LinkedIn,Fully Meets,4.12,5,0,1/28/2019,0,15,36.0
"Daneault, Lynn",10099,0,0,0,1,6,3,0,65729,0,21,Sales Manager,VT,5473,1990-04-19,F,Single,US Citizen,No,White,5/5/2014,2024-01-01,N/A-StillEmployed,Active,Sales,Debra Houlihan,15.0,Indeed,Fully Meets,4.62,4,0,1/24/2019,0,8,33.0
"Darson, Jene'ya ",10056,1,1,0,1,5,3,0,57583,0,19,Production Technician I,MA,2110,1978-11-05,F,Married,US Citizen,No,White,7/2/2012,2024-01-01,N/A-StillEmployed,Active,Production       ,Elijiah Gray,16.0,Indeed,Fully Meets,5.0,3,0,2/25/2019,0,1,45.0
"Davis, Daniel",10143,0,0,1,1,5,3,0,56294,0,20,Production Technician II,MA,2458,1979-09-14,M ,Single,Eligible NonCitizen,No,Two or more races,11/7/2011,2024-01-01,N/A-StillEmployed,Active,Production       ,Kissy Sullivan,20.0,LinkedIn,Fully Meets,3.96,4,0,2/27/2019,0,6,44.0
"Dee, Randy",10311,1,1,1,1,6,1,0,56991,0,19,Production Technician I,MA,2138,1988-04-15,M ,Married,US Citizen,No,White,7/9/2018,2024-01-01,N/A-StillEmployed,Active,Production       ,Brannon Miller,12.0,Indeed,Fully Meets,4.3,4,3,1/31/2019,2,2,35.0
"DeGweck,  James",10070,1,1,1,5,5,3,0,55722,1,19,Production Technician I,MA,1810,1977-10-31,M ,Married,US Citizen,No,White,5/16/2011,6/8/2016,unhappy,Voluntarily Terminated,Production       ,Webster Butler,39.0,Indeed,Fully Meets,5.0,4,0,4/2/2016,0,14,46.0
"Del Bosque, Keyla",10155,0,0,0,1,4,3,0,101199,0,24,Software Engineer,MA,2176,1979-07-05,F,Single,US Citizen,No,Black or African American,1/9/2012,2024-01-01,N/A-StillEmployed,Active,Software Engineering,Alex Sweetwater,10.0,CareerBuilder,Fully Meets,3.79,5,5,1/25/2019,0,8,44.0
"Delarge, Alex",10306,0,0,1,1,6,1,0,61568,0,3,Area Sales Manager,AL,36006,1975-11-02,M ,Single,US Citizen,No,Two or more races,9/29/2014,2024-01-01,N/A-StillEmployed,Active,Sales,John Smith,17.0,Indeed,PIP,1.93,3,0,1/30/2019,6,5,48.0
"DeVito, Tommy",10197,0,0,1,1,3,3,0,96820,0,4,BI Developer,MA,2045,1983-09-04,M ,Single,US Citizen,No,White,2/15/2017,2024-01-01,N/A-StillEmployed,Active,IT/IS,Brian Champaigne,13.0,Indeed,Fully Meets,3.01,5,7,1/23/2019,0,15,40.0
"Dickinson, Geoff ",10276,0,0,1,1,5,3,0,51259,0,19,Production Technician I,MA,2180,1982-11-15,M ,Single,US Citizen,No,White,5/12/2014,2024-01-01,N/A-StillEmployed,Active,Production       ,Ketsia Liebig,19.0,Indeed,Fully Meets,4.3,4,0,2/19/2019,0,1,41.0
"Dietrich, Jenna  ",10304,0,0,0,1,6,1,0,59231,0,3,Area Sales Manager,WA,98052,1987-05-14,F,Single,US Citizen,Yes,White,2/20/2012,2024-01-01,N/A-StillEmployed,Active,Sales,John Smith,17.0,Website,PIP,2.3,1,0,1/29/2019,2,17,36.0
"DiNocco, Lily ",10284,1,1,0,1,5,2,0,61584,0,19,Production Technician I,MA,2351,1978-12-02,F,Married,US Citizen,No,Black or African American,1/7/2013,2024-01-01,N/A-StillEmployed,Active,Production       ,Brannon Miller,12.0,Indeed,Needs Improvement,3.88,4,0,1/18/2019,0,6,45.0
"Dobrin, Denisa  S",10207,0,0,0,1,5,3,0,46335,0,19,Production Technician I,MA,2125,1986-10-07,F,Single,US Citizen,Yes,White,4/2/2012,2024-01-01,N/A-StillEmployed,Active,Production       ,David Stanley,14.0,CareerBuilder,Fully Meets,3.4,5,0,2/19/2019,0,15,37.0
"Dolan, Linda",10133,1,1,0,1,3,3,0,70621,0,14,IT Support,MA,2119,1988-07-18,F,Married,US Citizen,No,White,1/5/2015,2024-01-01,N/A-StillEmployed,Active,IT/IS,Peter Monroe,7.0,Employee Referral,Fully Meets,4.11,4,6,2/25/2019,0,16,35.0
"Driver, Elle",10006,0,0,0,1,6,4,0,74241,0,3,Area Sales Manager,CA,90007,1988-11-08,F,Single,US Citizen,No,White,1/10/2011,2024-01-01,N/A-StillEmployed,Active,Sales,Lynn Daneault,21.0,Indeed,Exceeds,4.77,5,0,1/27/2019,0,14,35.0
"Eaton, Marianne",10064,1,1,0,5,5,3,0,60070,1,19,Production Technician I,MA,2343,1991-09-05,F,Married,US Citizen,No,White,4/4/2011,6/6/2017,military,Voluntarily Terminated,Production       ,Kissy Sullivan,20.0,Google Search,Fully Meets,5.0,3,0,4/9/2017,0,7,32.0
"Engdahl, Jean",10247,0,0,1,1,5,3,0,48888,0,19,Production Technician I,MA,2026,1974-05-31,M ,Single,US Citizen,No,White,11/10/2014,2024-01-01,N/A-StillEmployed,Active,Production       ,Kelley Spirea,18.0,LinkedIn,Fully Meets,4.7,5,0,2/13/2019,0,8,49.0
"England, Rex",10235,1,1,1,1,5,3,0,54285,0,19,Production Technician I,MA,2045,1978-08-25,M ,Married,US Citizen,No,White,3/31/2014,2024-01-01,N/A-StillEmployed,Active,Production       ,Kelley Spirea,18.0,Employee Referral,Fully Meets,4.2,3,0,1/11/2019,0,3,45.0
"Erilus, Angela",10299,0,3,0,1,5,1,0,56847,0,20,Production Technician II,MA,2133,1989-08-25,F,Separated,US Citizen,No,White,7/7/2014,2024-01-01,N/A-StillEmployed,Active,Production       ,Michael Albert,22.0,Indeed,PIP,3.0,1,0,2/25/2019,2,5,34.0
"Estremera, Miguel",10280,0,0,1,4,5,2,0,60340,1,19,Production Technician I,MA,2129,1983-09-02,M ,Single,US Citizen,No,White,4/2/2012,9/27/2018,attendance,Terminated for Cause,Production       ,Michael Albert,22.0,Google Search,Needs Improvement,5.0,4,0,4/12/2018,5,16,40.0
"Evensen, April",10296,0,0,0,4,5,2,0,59124,1,19,Production Technician I,MA,2458,1989-05-06,F,Single,US Citizen,No,White,2/17/2014,2/25/2018,"no-call, no-show",Terminated for Cause,Production       ,Elijiah Gray,16.0,Google Search,Needs Improvement,2.3,3,0,1/15/2017,5,19,34.0
"Exantus, Susan",10290,1,1,0,4,4,2,0,99280,1,24,Software Engineer,MA,1749,1987-05-15,F,Married,US Citizen,No,Black or African American,5/2/2011,6/5/2013,attendance,Terminated for Cause,Software Engineering,Alex Sweetwater,10.0,Indeed,Needs Improvement,2.1,5,4,8/10/2012,4,19,36.0
"Faller, Megan ",10263,1,1,0,1,5,3,0,71776,0,20,Production Technician II,MA,1824,1978-09-22,F,Married,US Citizen,No,Black or African American,7/7/2014,2024-01-01,N/A-StillEmployed,Active,Production       ,Elijiah Gray,16.0,LinkedIn,Fully Meets,4.4,5,0,2/22/2019,0,17,45.0
"Fancett, Nicole",10136,0,0,0,1,5,3,0,65902,0,20,Production Technician II,MA,2324,1987-09-27,F,Single,US Citizen,No,Black or African American,2/17/2014,2024-01-01,N/A-StillEmployed,Active,Production       ,Webster Butler,0.0,LinkedIn,Fully Meets,4.0,4,0,1/7/2019,0,7,36.0
"Fernandes, Nilson  ",10308,1,1,1,1,5,1,0,64057,0,19,Production Technician I,MA,2132,1989-10-18,M ,Married,US Citizen,No,White,5/11/2015,2024-01-01,N/A-StillEmployed,Active,Production       ,Amy Dunn,11.0,Indeed,PIP,1.56,5,0,1/3/2019,6,15,34.0
"Fett, Boba",10309,0,0,1,1,3,1,0,53366,0,15,Network Engineer,MA,2138,1987-06-18,M ,Single,US Citizen,No,White,3/30/2015,2024-01-01,N/A-StillEmployed,Active,IT/IS,Peter Monroe,7.0,LinkedIn,PIP,1.2,3,6,2/4/2019,3,2,36.0
"Fidelia,  Libby",10049,1,1,0,1,5,3,0,58530,0,19,Production Technician I,MA,2155,1981-03-16,F,Married,US Citizen,No,White,1/9/2012,2024-01-01,N/A-StillEmployed,Active,Production       ,Brannon Miller,12.0,Google Search,Fully Meets,5.0,5,0,1/29/2019,0,19,42.0
"Fitzpatrick, Michael  J",10093,0,0,1,5,5,3,0,72609,1,20,Production Technician II,MA,2143,1981-10-01,M ,Single,US Citizen,Yes,White,5/16/2011,6/24/2013,hours,Voluntarily Terminated,Production       ,Amy Dunn,11.0,Google Search,Fully Meets,4.76,5,0,4/5/2013,0,20,42.0
"Foreman, Tanya",10163,1,1,0,5,5,3,0,55965,1,20,Production Technician II,MA,2170,1983-11-08,F,Married,US Citizen,No,White,4/4/2011,1/9/2013,career change,Voluntarily Terminated,Production       ,Ketsia Liebig,19.0,Google Search,Fully Meets,3.66,3,0,1/7/2012,0,6,40.0
"Forrest, Alex",10305,1,1,1,1,6,3,0,70187,1,3,Area Sales Manager,MA,2330,1975-07-07,M ,Married,US Citizen,No,White,9/29/2014,8/19/2018,Fatal attraction,Terminated for Cause,Sales,Lynn Daneault,21.0,Employee Referral,PIP,2.0,5,0,1/28/2019,4,7,48.0
"Foss, Jason",10015,0,0,1,1,3,4,0,178000,0,12,IT Director,MA,1460,1980-07-05,M ,Single,US Citizen,No,Black or African American,4/15/2011,2024-01-01,N/A-StillEmployed,Active,IT/IS,Jennifer Zamora,5.0,Indeed,Exceeds,5.0,5,5,1/7/2019,0,15,43.0
"Foster-Baker, Amy",10080,1,1,0,1,1,3,0,99351,0,26,Sr. Accountant,MA,2050,1979-04-16,F,Married,US Citizen,no,White,1/5/2009,2024-01-01,N/A-StillEmployed,Active,Admin Offices,Board of Directors,9.0,Other,Fully Meets,5.0,3,2,2/8/2019,0,3,44.0
"Garcia, Raul",10111,0,0,1,1,5,3,0,52249,0,19,Production Technician I,MA,1905,1985-09-15,M ,Single,US Citizen,Yes,White,3/30/2015,2024-01-01,N/A-StillEmployed,Active,Production       ,David Stanley,14.0,Employee Referral,Fully Meets,4.5,3,0,2/18/2019,0,5,38.0
"Gaul, Barbara",10257,0,0,0,1,5,3,0,53171,0,19,Production Technician I,MA,2121,1983-12-02,F,Single,US Citizen,Yes,Black or African American,5/16/2011,2024-01-01,N/A-StillEmployed,Active,Production       ,Kelley Spirea,18.0,LinkedIn,Fully Meets,4.2,4,0,2/26/2019,0,12,40.0
"Gentry, Mildred",10159,1,1,0,1,5,3,0,51337,0,19,Production Technician I,MA,2145,1990-10-01,F,Married,US Citizen,No,Black or African American,3/30/2015,2024-01-01,N/A-StillEmployed,Active,Production       ,Michael Albert,22.0,LinkedIn,Fully Meets,3.73,3,0,1/16/2019,0,19,33.0
"Gilles, Alex",10283,1,1,1,5,5,2,1,54933,1,19,Production Technician I,MA,2062,1974-08-09,M ,Married,US Citizen,No,Black or African American,4/2/2012,6/25/2015,military,Voluntarily Terminated,Production       ,Webster Butler,39.0,Diversity Job Fair,Needs Improvement,3.97,4,0,1/20/2015,3,15,49.0
"Girifalco, Evelyn",10018,0,0,0,1,5,4,0,57815,0,19,Production Technician I,MA,2451,1980-05-08,F,Single,US Citizen,Yes,Two or more races,9/29/2014,2024-01-01,N/A-StillEmployed,Active,Production       ,Amy Dunn,11.0,Indeed,Exceeds,3.9,4,0,2/7/2019,0,3,43.0
"Givens, Myriam",10255,0,0,0,1,6,3,0,61555,0,3,Area Sales Manager,IN,46204,1989-09-22,F,Single,US Citizen,No,White,2/16/2015,2024-01-01,N/A-StillEmployed,Active,Sales,Lynn Daneault,21.0,Indeed,Fully Meets,4.5,5,0,1/25/2019,0,20,34.0
"Goeth, Amon",10228,1,1,1,1,3,3,0,74679,0,14,IT Support,MA,2135,1989-11-24,M ,Married,US Citizen,Yes,White,3/30/2015,2024-01-01,N/A-StillEmployed,Active,IT/IS,Peter Monroe,7.0,LinkedIn,Fully Meets,4.3,5,7,1/10/2019,0,20,34.0
"Gold, Shenice  ",10243,0,0,0,1,5,3,0,53018,0,19,Production Technician I,MA,2451,1992-06-18,F,Single,US Citizen,Yes,White,11/11/2013,2024-01-01,N/A-StillEmployed,Active,Production       ,Ketsia Liebig,19.0,Indeed,Fully Meets,4.3,5,0,2/18/2019,0,7,31.0
"Gonzalez, Maria",10101,0,3,0,1,3,3,0,61242,0,14,IT Support,MA,2472,1981-04-16,F,Separated,US Citizen,Yes,White,1/5/2015,2024-01-01,N/A-StillEmployed,Active,IT/IS,Peter Monroe,7.0,Employee Referral,Fully Meets,4.61,4,5,1/28/2019,0,11,42.0
"Good, Susan",10237,1,1,0,3,5,3,0,66825,0,20,Production Technician II,MA,1886,1986-05-25,F,Married,US Citizen,No,White,5/12/2014,2024-01-01,N/A-StillEmployed,Active,Production       ,David Stanley,14.0,LinkedIn,Fully Meets,4.6,3,0,2/7/2019,0,20,37.0
"Gordon, David",10051,1,1,1,1,5,3,0,48285,0,19,Production Technician I,MA,2169,1979-05-21,M ,Married,US Citizen,No,White,7/2/2012,2024-01-01,N/A-StillEmployed,Active,Production       ,David Stanley,14.0,LinkedIn,Fully Meets,5.0,3,0,1/14/2019,0,2,44.0
"Gosciminski, Phylicia  ",10218,0,3,0,3,5,3,0,66149,0,20,Production Technician II,MA,1824,1983-12-08,F,Separated,US Citizen,No,American Indian or Alaska Native,9/30/2013,2024-01-01,N/A-StillEmployed,Active,Production       ,Kissy Sullivan,20.0,Google Search,Fully Meets,4.4,5,0,2/21/2019,0,1,40.0
"Goyal, Roxana",10256,1,1,0,3,5,3,0,49256,0,19,Production Technician I,MA,1864,1974-10-09,F,Married,US Citizen,No,Asian,8/19/2013,2024-01-01,N/A-StillEmployed,Active,Production       ,Kissy Sullivan,20.0,LinkedIn,Fully Meets,4.1,5,0,2/15/2019,0,3,49.0
"Gray, Elijiah  ",10098,0,2,1,1,5,3,0,62957,0,18,Production Manager,MA,1752,1981-07-11,M ,Divorced,US Citizen,No,White,6/2/2015,2024-01-01,N/A-StillEmployed,Active,Production       ,Janet King,2.0,Employee Referral,Fully Meets,4.63,3,0,1/4/2019,0,2,42.0
"Gross, Paula",10059,0,2,0,5,5,3,0,63813,1,19,Production Technician I,MA,2176,1983-05-21,F,Divorced,US Citizen,No,White,2/21/2011,1/11/2014,more money,Voluntarily Terminated,Production       ,Kelley Spirea,18.0,CareerBuilder,Fully Meets,5.0,5,0,6/3/2013,0,17,40.0
"Gruber, Hans",10234,1,1,1,1,3,3,0,99020,0,4,BI Developer,MA,2134,1989-06-30,M ,Married,US Citizen,No,Black or African American,4/20/2017,2024-01-01,N/A-StillEmployed,Active,IT/IS,Brian Champaigne,13.0,Indeed,Fully Meets,4.2,5,5,1/28/2019,0,8,34.0
"Handschiegl, Joanne",10125,1,1,0,1,5,3,0,54828,0,19,Production Technician I,MA,2127,1977-03-23,F,Married,US Citizen,No,White,11/28/2011,2024-01-01,N/A-StillEmployed,Active,Production       ,Michael Albert,22.0,Google Search,Fully Meets,4.2,4,0,2/22/2019,0,13,46.0
"Hankard, Earnest",10074,0,0,1,1,5,3,0,64246,0,20,Production Technician II,MA,2155,1988-08-10,M ,Single,US Citizen,Yes,White,11/11/2013,2024-01-01,N/A-StillEmployed,Active,Production       ,Kelley Spirea,18.0,LinkedIn,Fully Meets,5.0,3,0,1/8/2019,0,20,35.0
"Harrison, Kara",10007,1,1,0,1,5,4,0,62065,0,19,Production Technician I,MA,1886,1974-05-02,F,Married,US Citizen,No,White,5/12/2014,2024-01-01,N/A-StillEmployed,Active,Production       ,Amy Dunn,11.0,CareerBuilder,Exceeds,4.76,4,0,2/15/2019,0,5,49.0
"Heitzman, Anthony",10129,0,0,1,1,5,3,0,46998,0,19,Production Technician I,MA,2149,1984-01-04,M ,Single,US Citizen,No,White,8/13/2012,2024-01-01,N/A-StillEmployed,Active,Production       ,Ketsia Liebig,19.0,Google Search,Fully Meets,4.17,4,0,2/11/2019,0,1,40.0
"Hitchcock, Alfred",10167,1,1,1,1,6,3,0,70545,0,3,Area Sales Manager,NH,3062,1988-09-14,M ,Married,US Citizen,No,American Indian or Alaska Native,8/18/2014,2024-01-01,N/A-StillEmployed,Active,Sales,John Smith,17.0,Indeed,Fully Meets,3.6,5,0,1/30/2019,0,9,35.0
"Homberger, Adrienne  J",10195,1,1,0,5,5,3,0,63478,1,20,Production Technician II,MA,2445,1984-02-16,F,Married,Non-Citizen,No,White,8/15/2011,4/7/2012,relocation out of area,Voluntarily Terminated,Production       ,Michael Albert,30.0,Indeed,Fully Meets,3.03,5,0,3/5/2012,0,16,39.0
"Horton, Jayne",10112,0,0,0,1,3,3,0,97999,0,8,Database Administrator,MA,2493,1984-02-21,F,Single,US Citizen,No,White,3/30/2015,2024-01-01,N/A-StillEmployed,Active,IT/IS,Simon Roup,4.0,Indeed,Fully Meets,4.48,5,6,1/3/2019,0,4,39.0
"Howard, Estelle",10182,1,1,0,1,1,3,0,49920,1,2,Administrative Assistant,MA,2170,1985-09-16,F,Married,US Citizen,No,Black or African American,2/16/2015,4/15/2015,"no-call, no-show",Terminated for Cause,Admin Offices,Brandon R. LeBlanc,1.0,Indeed,Fully Meets,3.24,3,4,4/15/2015,0,6,38.0
"Hudson, Jane",10248,0,0,0,1,5,3,0,55425,0,19,Production Technician I,MA,2176,1986-06-10,F,Single,US Citizen,No,White,2/20/2012,2024-01-01,N/A-StillEmployed,Active,Production       ,Ketsia Liebig,19.0,LinkedIn,Fully Meets,4.8,4,0,1/7/2019,0,4,37.0
"Hunts, Julissa",10201,0,0,0,2,5,3,0,69340,0,20,Production Technician II,MA,2021,1984-03-11,F,Single,US Citizen,No,White,6/6/2016,2024-01-01,N/A-StillEmployed,Active,Production       ,Elijiah Gray,16.0,LinkedIn,Fully Meets,3.0,5,0,1/18/2019,0,4,39.0
"Hutter, Rosalie",10214,0,3,0,2,5,3,0,64995,0,20,Production Technician II,MA,2351,1992-05-07,F,Separated,US Citizen,No,White,6/5/2015,2024-01-01,N/A-StillEmployed,Active,Production       ,Webster Butler,0.0,Indeed,Fully Meets,4.5,3,0,2/14/2019,0,6,31.0
"Huynh, Ming",10160,0,2,0,5,5,3,0,68182,1,20,Production Technician II,MA,1742,1976-09-22,F,Divorced,US Citizen,No,White,2/21/2011,4/1/2013,unhappy,Voluntarily Terminated,Production       ,Amy Dunn,11.0,Google Search,Fully Meets,3.72,3,0,2/1/2013,0,18,47.0
"Immediato, Walter",10289,1,1,1,5,5,2,0,83082,1,18,Production Manager,MA,2128,1976-11-15,M ,Married,US Citizen,No,Asian,2/21/2011,9/24/2012,unhappy,Voluntarily Terminated,Production       ,Janet King,2.0,Indeed,Needs Improvement,2.34,2,0,4/12/2012,3,4,47.0
"Ivey, Rose ",10139,0,0,0,1,5,3,0,51908,0,19,Production Technician I,MA,1775,1991-01-28,F,Single,US Citizen,No,White,8/19/2013,2024-01-01,N/A-StillEmployed,Active,Production       ,Brannon Miller,12.0,Indeed,Fully Meets,3.99,3,0,1/14/2019,0,14,33.0
"Jeannite, Tayana",10009,0,2,0,1,5,4,0,60724,0,20,Production Technician II,MA,1821,1986-11-06,F,Divorced,US Citizen,No,American Indian or Alaska Native,7/5/2011,2024-01-01,N/A-StillEmployed,Active,Production       ,Ketsia Liebig,19.0,LinkedIn,Exceeds,4.6,4,0,2/25/2019,0,11,37.0
"Johnson, Noelle ",10156,1,1,0,3,3,3,0,105700,0,8,Database Administrator,MA,2301,1986-11-07,F,Married,US Citizen,No,Asian,1/5/2015,2024-01-01,N/A-StillEmployed,Active,IT/IS,Simon Roup,4.0,Indeed,Fully Meets,3.75,3,5,2/11/2019,0,2,37.0
"Jung, Judy  ",10138,1,1,0,5,5,3,0,61154,1,19,Production Technician I,MA,2446,1986-04-17,F,Married,US Citizen,No,Black or African American,1/10/2011,4/1/2016,unhappy,Voluntarily Terminated,Production       ,Elijiah Gray,16.0,CareerBuilder,Fully Meets,4.0,4,0,2/3/2016,0,4,37.0
"Kampew, Donysha",10244,0,0,0,5,6,3,0,68999,1,21,Sales Manager,PA,19444,1989-11-11,F,Single,US Citizen,No,White,11/7/2011,4/24/2014,maternity leave - did not return,Voluntarily Terminated,Sales,Debra Houlihan,15.0,Google Search,Fully Meets,4.5,5,0,3/30/2013,0,2,34.0
"Keatts, Kramer ",10192,0,0,1,1,5,3,0,50482,0,19,Production Technician I,MA,1887,1976-01-19,M ,Single,US Citizen,No,White,9/30/2013,2024-01-01,N/A-StillEmployed,Active,Production       ,Michael Albert,22.0,Indeed,Fully Meets,3.07,4,0,1/23/2019,0,10,48.0
"Khemmich, Bartholemew",10231,0,0,1,1,6,3,0,65310,0,3,Area Sales Manager,CO,80820,1979-11-27,M ,Single,US Citizen,No,White,8/19/2013,2024-01-01,N/A-StillEmployed,Active,Sales,Lynn Daneault,21.0,Indeed,Fully Meets,4.3,5,0,1/22/2019,0,13,44.0
"Knapp, Bradley  J",10208,0,0,1,1,5,3,0,46654,0,19,Production Technician I,MA,1721,1977-11-10,M ,Single,US Citizen,No,Black or African American,2/17/2014,2024-01-01,N/A-StillEmployed,Active,Production       ,Ketsia Liebig,19.0,LinkedIn,Fully Meets,3.1,3,0,2/6/2019,0,3,46.0
"Kretschmer, John",10176,1,1,1,1,5,3,0,63973,0,19,Production Technician I,MA,1801,1980-02-02,M ,Married,US Citizen,No,Asian,1/10/2011,2024-01-01,N/A-StillEmployed,Active,Production       ,Brannon Miller,12.0,Indeed,Fully Meets,3.38,3,0,1/21/2019,0,17,44.0
"Lajiri,  Jyoti",10113,1,1,1,3,3,3,0,93206,0,28,Sr. Network Engineer,MA,2169,1986-04-23,M ,Married,US Citizen,No,White,11/10/2014,2024-01-01,N/A-StillEmployed,Active,IT/IS,Peter Monroe,7.0,Employee Referral,Fully Meets,4.46,5,6,1/7/2019,0,7,37.0
"Langford, Lindsey",10106,0,2,0,5,5,3,0,66074,1,20,Production Technician II,MA,2090,1979-07-25,F,Divorced,US Citizen,No,Asian,1/7/2013,3/31/2014,Another position,Voluntarily Terminated,Production       ,David Stanley,14.0,Indeed,Fully Meets,4.52,3,0,2/20/2014,0,20,44.0
"Langton, Enrico",10052,1,1,1,1,5,3,0,46120,0,19,Production Technician I,MA,2048,1986-12-09,M ,Married,US Citizen,No,White,7/9/2012,2024-01-01,N/A-StillEmployed,Active,Production       ,David Stanley,14.0,LinkedIn,Fully Meets,5.0,5,0,2/4/2019,0,13,37.0
"LaRotonda, William  ",10038,0,2,1,1,1,3,0,64520,0,1,Accountant I,MA,1460,1984-04-26,M ,Divorced,US Citizen,No,Black or African American,1/6/2014,2024-01-01,N/A-StillEmployed,Active,Admin Offices,Brandon R. LeBlanc,1.0,Website,Fully Meets,5.0,4,4,1/17/2019,0,3,39.0
"Latif, Mohammed",10249,1,1,1,5,5,3,0,61962,1,20,Production Technician II,MA,2126,1984-05-09,M ,Married,US Citizen,No,White,4/2/2012,4/15/2013,more money,Voluntarily Terminated,Production       ,Kissy Sullivan,20.0,Google Search,Fully Meets,4.9,3,0,2/20/2013,0,20,39.0
"Le, Binh",10232,0,0,0,1,3,3,0,81584,0,22,Senior BI Developer,MA,1886,1987-06-14,F,Single,US Citizen,No,Asian,10/2/2016,2024-01-01,N/A-StillEmployed,Active,IT/IS,Brian Champaigne,13.0,Indeed,Fully Meets,4.1,5,7,1/8/2019,0,2,36.0
"Leach, Dallas",10087,0,0,0,5,5,3,0,63676,1,19,Production Technician I,MA,1810,1979-01-17,F,Single,US Citizen,No,Asian,9/26/2011,8/19/2018,return to school,Voluntarily Terminated,Production       ,Kissy Sullivan,20.0,CareerBuilder,Fully Meets,4.88,3,0,7/2/2017,0,17,45.0
"LeBlanc, Brandon  R",10134,1,1,1,1,1,3,0,93046,0,23,Shared Services Manager,MA,1460,1984-06-10,M ,Married,US Citizen,No,White,1/5/2016,2024-01-01,N/A-StillEmployed,Active,Admin Offices,Janet King,2.0,CareerBuilder,Fully Meets,4.1,4,0,1/28/2019,0,20,39.0
"Lecter, Hannibal",10251,1,1,1,1,5,3,0,64738,0,19,Production Technician I,MA,1776,1982-09-02,M ,Married,US Citizen,No,Asian,5/14/2012,2024-01-01,N/A-StillEmployed,Active,Production       ,Elijiah Gray,16.0,Google Search,Fully Meets,4.1,3,0,2/22/2019,0,10,41.0
"Leruth, Giovanni",10103,0,3,1,1,6,3,0,70468,0,3,Area Sales Manager,UT,84111,1988-12-27,M ,Separated,US Citizen,No,Black or African American,4/30/2012,2024-01-01,N/A-StillEmployed,Active,Sales,John Smith,17.0,Website,Fully Meets,4.53,3,0,1/29/2019,0,16,35.0
"Liebig, Ketsia",10017,1,1,0,1,5,4,0,77915,0,18,Production Manager,MA,2110,1981-10-26,F,Married,US Citizen,No,White,9/30/2013,2024-01-01,N/A-StillEmployed,Active,Production       ,Janet King,2.0,Website,Exceeds,4.1,3,0,1/21/2019,0,11,42.0
"Linares, Marilyn ",10186,1,1,0,5,5,3,0,52624,1,19,Production Technician I,MA,1886,1981-03-26,F,Married,US Citizen,No,White,7/5/2011,9/26/2018,unhappy,Voluntarily Terminated,Production       ,Michael Albert,22.0,Indeed,Fully Meets,3.18,4,0,3/2/2018,0,16,42.0
"Linden, Mathew",10137,1,1,1,3,5,3,0,63450,0,20,Production Technician II,MA,1770,1979-03-19,M ,Married,US Citizen,No,White,7/8/2013,2024-01-01,N/A-StillEmployed,Active,Production       ,Kelley Spirea,18.0,LinkedIn,Fully Meets,4.0,3,0,2/18/2019,0,7,44.0
"Lindsay, Leonara ",10008,0,0,0,1,3,4,1,51777,0,14,IT Support,CT,6070,1988-10-05,F,Single,US Citizen,Yes,Black or African American,1/21/2011,2024-01-01,N/A-StillEmployed,Active,IT/IS,Eric Dougall,6.0,Diversity Job Fair,Exceeds,4.64,4,5,1/25/2019,0,14,35.0
"Lundy, Susan",10096,0,4,0,5,5,3,0,67237,1,20,Production Technician II,MA,2122,1976-12-26,F,Widowed,US Citizen,No,White,7/8/2013,9/15/2016,more money,Voluntarily Terminated,Production       ,Michael Albert,22.0,LinkedIn,Fully Meets,4.65,4,0,6/10/2016,0,15,47.0
"Lunquist, Lisa",10035,0,0,0,1,5,4,0,73330,0,20,Production Technician II,MA,2324,1982-03-28,F,Single,US Citizen,No,Black or African American,8/19/2013,2024-01-01,N/A-StillEmployed,Active,Production       ,Elijiah Gray,16.0,Indeed,Exceeds,4.2,4,0,2/12/2019,0,19,41.0
"Lydon, Allison",10057,1,1,0,3,5,3,0,52057,0,19,Production Technician I,MA,2122,1975-10-22,F,Married,US Citizen,No,Black or African American,2/16/2015,2024-01-01,N/A-StillEmployed,Active,Production       ,Elijiah Gray,16.0,Website,Fully Meets,5.0,3,0,1/23/2019,0,6,48.0
"Mahoney, Lauren  ",10219,0,0,0,1,5,3,0,45395,0,19,Production Technician I,MA,2189,1986-07-07,F,Single,US Citizen,No,White,1/6/2014,2024-01-01,N/A-StillEmployed,Active,Production       ,Ketsia Liebig,19.0,LinkedIn,Fully Meets,4.6,4,0,2/26/2019,0,14,37.0
"Manchester, Robyn",10077,1,1,0,2,5,3,0,62385,0,20,Production Technician II,MA,2324,1976-08-25,F,Married,US Citizen,No,White,5/11/2016,2024-01-01,N/A-StillEmployed,Active,Production       ,Webster Butler,0.0,LinkedIn,Fully Meets,5.0,3,0,1/21/2019,0,4,47.0
"Mancuso, Karen",10073,1,1,0,5,5,3,0,68407,1,20,Production Technician II,MA,2176,1986-12-10,F,Married,US Citizen,No,Two or more races,7/5/2011,8/19/2012,Another position,Voluntarily Terminated,Production       ,Amy Dunn,11.0,LinkedIn,Fully Meets,5.0,4,0,7/2/2012,0,16,37.0
"Mangal, Debbie",10279,1,1,0,1,5,3,0,61349,0,19,Production Technician I,MA,2451,1974-11-07,F,Married,US Citizen,No,White,11/11/2013,2024-01-01,N/A-StillEmployed,Active,Production       ,Brannon Miller,12.0,LinkedIn,Fully Meets,4.1,3,0,1/22/2019,0,11,49.0
"Martin, Sandra",10110,0,0,0,1,4,3,0,105688,0,24,Software Engineer,MA,2135,1987-11-07,F,Single,US Citizen,No,Asian,11/11/2013,2024-01-01,N/A-StillEmployed,Active,Software Engineering,Alex Sweetwater,10.0,Google Search,Fully Meets,4.5,5,4,1/14/2019,0,14,36.0
"Maurice, Shana",10053,1,1,0,1,5,3,0,54132,0,19,Production Technician I,MA,2330,1977-11-22,F,Married,US Citizen,No,White,5/31/2011,2024-01-01,N/A-StillEmployed,Active,Production       ,David Stanley,14.0,Indeed,Fully Meets,5.0,4,0,1/10/2019,0,8,46.0
"Carthy, B'rigit",10076,0,0,0,1,5,3,0,55315,0,20,Production Technician II,MA,2149,1987-05-21,F,Single,US Citizen,No,Black or African American,3/30/2015,2024-01-01,N/A-StillEmployed,Active,Production       ,Ketsia Liebig,19.0,LinkedIn,Fully Meets,5.0,5,0,2/7/2019,0,16,36.0
"Mckenna, Sandy",10145,1,1,0,1,5,3,0,62810,0,19,Production Technician I,MA,2184,1987-01-07,F,Married,US Citizen,No,Black or African American,1/7/2013,2024-01-01,N/A-StillEmployed,Active,Production       ,Kissy Sullivan,20.0,CareerBuilder,Fully Meets,3.93,3,0,1/30/2019,0,20,37.0
"McKinzie, Jac",10202,1,1,1,2,6,3,0,63291,0,3,Area Sales Manager,TX,78789,1984-07-01,M ,Married,US Citizen,No,Two or more races,7/6/2016,2024-01-01,N/A-StillEmployed,Active,Sales,Lynn Daneault,21.0,Website,Fully Meets,3.4,4,0,1/29/2019,0,7,39.0
"Medeiros, Jennifer",10068,0,0,0,1,5,3,0,55688,0,19,Production Technician I,MA,2346,1976-09-22,F,Single,US Citizen,No,White,3/30/2015,2024-01-01,N/A-StillEmployed,Active,Production       ,Michael Albert,22.0,CareerBuilder,Fully Meets,5.0,4,0,1/21/2019,0,10,47.0
"Miller, Brannon",10116,0,0,1,1,5,3,0,83667,0,18,Production Manager,MA,2045,1981-08-10,M ,Single,US Citizen,yes,Hispanic,8/16/2012,2024-01-01,N/A-StillEmployed,Active,Production       ,Janet King,2.0,Indeed,Fully Meets,4.37,3,0,1/14/2019,0,2,42.0
"Miller, Ned",10298,0,0,1,5,5,1,0,55800,1,20,Production Technician II,MA,2472,1985-06-29,M ,Single,US Citizen,No,White,8/15/2011,9/4/2014,unhappy,Voluntarily Terminated,Production       ,Brannon Miller,12.0,LinkedIn,PIP,3.0,2,0,1/14/2013,6,6,38.0
"Monkfish, Erasumus",10213,1,1,1,1,5,3,0,58207,0,20,Production Technician II,MA,1450,1992-08-17,M ,Married,US Citizen,No,White,11/7/2011,2024-01-01,N/A-StillEmployed,Active,Production       ,David Stanley,14.0,LinkedIn,Fully Meets,3.7,3,0,1/8/2019,0,14,31.0
"Monroe, Peter",10288,1,1,1,1,3,2,1,157000,0,13,IT Manager - Infra,MA,2134,1986-10-05,M ,Married,Eligible NonCitizen,Yes,Black or African American,2/15/2012,2024-01-01,N/A-StillEmployed,Active,IT/IS,Jennifer Zamora,5.0,Diversity Job Fair,Needs Improvement,2.39,3,6,2/22/2019,4,13,37.0
"Moran, Patrick",10223,0,0,1,3,5,3,1,72106,0,20,Production Technician II,MA,2127,1976-12-03,M ,Single,US Citizen,No,Black or African American,1/9/2012,2024-01-01,N/A-StillEmployed,Active,Production       ,Kelley Spirea,18.0,Diversity Job Fair,Fully Meets,4.1,4,0,1/31/2019,0,12,47.0
"Morway, Tanya",10151,1,1,0,1,3,3,0,52599,0,15,Network Engineer,MA,2048,1979-04-04,F,Married,US Citizen,No,White,2/16/2015,2024-01-01,N/A-StillEmployed,Active,IT/IS,Peter Monroe,7.0,CareerBuilder,Fully Meets,3.81,3,6,2/11/2019,0,6,44.0
"Motlagh,  Dawn",10254,0,2,0,1,5,3,0,63430,0,19,Production Technician I,MA,2453,1984-07-07,F,Divorced,US Citizen,No,White,4/1/2013,2024-01-01,N/A-StillEmployed,Active,Production       ,Elijiah Gray,16.0,LinkedIn,Fully Meets,4.4,4,0,1/17/2019,0,18,39.0
"Moumanil, Maliki ",10120,0,3,1,1,5,3,0,74417,0,20,Production Technician II,MA,1460,1974-12-01,M ,Separated,US Citizen,No,Black or African American,5/13/2013,2024-01-01,N/A-StillEmployed,Active,Production       ,Michael Albert,22.0,LinkedIn,Fully Meets,4.29,5,0,1/28/2019,0,11,49.0
"Myers, Michael",10216,0,0,1,1,5,3,0,57575,0,19,Production Technician I,MA,1550,1980-04-18,M ,Single,US Citizen,No,Asian,7/8/2013,2024-01-01,N/A-StillEmployed,Active,Production       ,Kissy Sullivan,20.0,LinkedIn,Fully Meets,4.1,4,0,1/22/2019,0,13,43.0
"Ndzi, Colombui",10215,0,0,1,5,5,3,1,50470,1,19,Production Technician I,MA,2110,1989-05-02,M ,Single,US Citizen,No,Black or African American,9/26/2011,4/4/2014,return to school,Voluntarily Terminated,Production       ,Webster Butler,39.0,Diversity Job Fair,Fully Meets,4.3,3,0,3/2/2013,0,19,34.0
"Ndzi, Horia",10185,1,1,1,5,5,3,0,46664,1,19,Production Technician I,MA,2421,1983-03-28,M ,Married,US Citizen,No,White,4/1/2013,5/25/2016,more money,Voluntarily Terminated,Production       ,Amy Dunn,11.0,Employee Referral,Fully Meets,3.18,3,0,3/6/2016,0,10,40.0
"Newman, Richard ",10063,1,1,1,3,5,3,0,48495,0,19,Production Technician I,MA,2136,1977-04-08,M ,Married,US Citizen,No,White,5/12/2014,2024-01-01,N/A-StillEmployed,Active,Production       ,Ketsia Liebig,19.0,LinkedIn,Fully Meets,5.0,5,0,2/18/2019,0,11,46.0
"Nguyen, Dheepa",10042,0,0,0,1,6,3,0,63695,0,3,Area Sales Manager,GA,30428,1989-03-31,F,Single,US Citizen,No,Two or more races,7/8/2013,2024-01-01,N/A-StillEmployed,Active,Sales,Lynn Daneault,21.0,Indeed,Fully Meets,5.0,5,0,1/25/2019,0,2,34.0
"Nguyen, Lei-Ming",10206,0,0,0,1,5,3,0,62061,0,19,Production Technician I,MA,2132,1984-07-07,F,Single,US Citizen,No,White,7/8/2013,2024-01-01,N/A-StillEmployed,Active,Production       ,David Stanley,14.0,LinkedIn,Fully Meets,3.6,5,0,1/2/2019,0,4,39.0
"Nowlan, Kristie",10104,0,0,0,1,5,3,0,66738,0,20,Production Technician II,MA,1040,1985-11-23,F,Single,US Citizen,No,White,11/10/2014,2024-01-01,N/A-StillEmployed,Active,Production       ,Elijiah Gray,16.0,Indeed,Fully Meets,4.53,5,0,1/16/2019,0,5,38.0
"O'hare, Lynn",10303,0,0,0,4,5,1,0,52674,1,19,Production Technician I,MA,2152,1980-09-30,F,Single,US Citizen,No,Two or more races,3/31/2014,5/1/2018,performance,Terminated for Cause,Production       ,Kissy Sullivan,20.0,LinkedIn,PIP,2.33,2,0,3/9/2018,6,3,43.0
"Onque, Jasmine",10121,0,0,0,1,6,3,0,63051,0,3,Area Sales Manager,FL,33174,1990-05-11,F,Single,US Citizen,Yes,White,9/30/2013,2024-01-01,N/A-StillEmployed,Active,Sales,Lynn Daneault,21.0,Indeed,Fully Meets,4.28,3,0,1/25/2019,0,1,33.0
"Osturnka, Adeel",10021,1,1,1,1,5,4,0,47414,0,19,Production Technician I,MA,2478,1976-12-11,M ,Married,US Citizen,No,White,9/30/2013,2024-01-01,N/A-StillEmployed,Active,Production       ,Kelley Spirea,18.0,LinkedIn,Exceeds,5.0,3,0,2/7/2019,0,13,47.0
"Owad, Clinton",10281,0,0,1,1,5,2,0,53060,0,19,Production Technician I,MA,1760,1979-11-24,M ,Single,US Citizen,No,Black or African American,2/17/2014,2024-01-01,N/A-StillEmployed,Active,Production       ,Michael Albert,22.0,LinkedIn,Needs Improvement,4.25,3,0,2/4/2019,4,6,44.0
"Ozark, Travis",10041,0,0,1,1,6,3,0,68829,0,3,Area Sales Manager,NC,27229,1982-05-19,M ,Single,US Citizen,No,White,1/5/2015,2024-01-01,N/A-StillEmployed,Active,Sales,John Smith,17.0,Website,Fully Meets,5.0,5,0,1/14/2019,0,18,41.0
"Panjwani, Nina",10148,1,1,0,5,5,3,0,63515,1,19,Production Technician I,MA,2351,1979-05-01,F,Married,US Citizen,No,White,2/7/2011,1/12/2014,Another position,Voluntarily Terminated,Production       ,Elijiah Gray,16.0,Google Search,Fully Meets,3.89,4,0,3/4/2013,0,7,44.0
"Patronick, Lucas",10005,0,0,1,5,4,4,1,108987,1,24,Software Engineer,MA,1844,1979-02-20,M ,Single,US Citizen,No,Black or African American,11/7/2011,9/7/2015,Another position,Voluntarily Terminated,Software Engineering,Alex Sweetwater,10.0,Diversity Job Fair,Exceeds,5.0,5,3,8/16/2015,0,13,44.0
"Pearson, Randall",10259,1,1,1,5,3,3,0,93093,1,9,Data Analyst,MA,2747,1984-09-05,M ,Married,US Citizen,No,White,12/1/2014,5/1/2016,performance,Voluntarily Terminated,IT/IS,Simon Roup,4.0,Employee Referral,Fully Meets,4.7,4,5,1/16/2016,0,19,39.0
"Smith, Martin",10286,0,0,1,5,5,2,0,53564,1,19,Production Technician I,MA,2458,1988-03-17,M ,Single,US Citizen,No,Black or African American,1/10/2011,12/28/2017,career change,Voluntarily Terminated,Production       ,Webster Butler,39.0,Google Search,Needs Improvement,3.54,5,0,4/6/2017,4,15,35.0
"Pelletier, Ermine",10297,1,1,0,5,5,2,0,60270,1,20,Production Technician II,MA,2472,1989-07-18,F,Married,US Citizen,No,Asian,7/5/2011,9/15/2015,unhappy,Voluntarily Terminated,Production       ,Amy Dunn,11.0,CareerBuilder,Needs Improvement,2.4,5,0,2/6/2015,5,2,34.0
"Perry, Shakira",10171,0,0,0,5,5,3,0,45998,1,19,Production Technician I,MA,2176,1986-07-20,F,Single,US Citizen,No,White,5/16/2011,10/25/2015,medical issues,Voluntarily Terminated,Production       ,Amy Dunn,11.0,LinkedIn,Fully Meets,3.45,4,0,5/13/2014,0,5,37.0
"Peters, Lauren",10032,1,1,0,5,5,4,0,57954,1,20,Production Technician II,MA,1886,1986-08-17,F,Married,US Citizen,No,White,5/16/2011,2/4/2013,more money,Voluntarily Terminated,Production       ,Ketsia Liebig,19.0,Indeed,Exceeds,4.2,5,0,1/10/2013,0,12,37.0
"Peterson, Ebonee  ",10130,1,1,0,5,5,3,0,74669,1,18,Production Manager,MA,2030,1977-05-09,F,Married,US Citizen,No,White,10/25/2010,5/18/2016,Another position,Voluntarily Terminated,Production       ,Janet King,2.0,Indeed,Fully Meets,4.16,5,0,3/5/2015,0,6,46.0
"Petingill, Shana  ",10217,1,1,0,1,5,3,0,74226,0,20,Production Technician II,MA,2050,1979-03-10,F,Married,Eligible NonCitizen,No,Asian,4/2/2012,2024-01-01,N/A-StillEmployed,Active,Production       ,Brannon Miller,12.0,LinkedIn,Fully Meets,4.3,3,0,1/14/2019,0,14,44.0
"Petrowsky, Thelma",10016,1,1,0,1,3,4,0,93554,0,9,Data Analyst,MA,1886,1984-09-16,F,Married,US Citizen,No,Black or African American,11/10/2014,2024-01-01,N/A-StillEmployed,Active,IT/IS,Simon Roup,4.0,Employee Referral,Exceeds,4.6,5,7,1/4/2019,0,16,39.0
"Pham, Hong",10050,1,1,1,5,5,3,0,64724,1,19,Production Technician I,MA,2451,1988-03-06,M ,Married,US Citizen,No,Asian,7/5/2011,11/30/2012,more money,Voluntarily Terminated,Production       ,Brannon Miller,12.0,Google Search,Fully Meets,5.0,3,0,2/20/2012,0,13,35.0
"Pitt, Brad ",10164,0,0,1,1,5,3,0,47001,0,19,Production Technician I,MA,2451,1981-11-23,M ,Single,US Citizen,No,White,11/5/2007,2024-01-01,N/A-StillEmployed,Active,Production       ,David Stanley,14.0,Google Search,Fully Meets,3.66,3,0,2/25/2019,0,15,42.0
"Potts, Xana",10124,1,1,0,1,6,3,0,61844,0,3,Area Sales Manager,KY,40220,1988-08-29,F,Married,US Citizen,No,Black or African American,1/9/2012,2024-01-01,N/A-StillEmployed,Active,Sales,Lynn Daneault,21.0,Website,Fully Meets,4.2,5,0,2/1/2019,0,9,35.0
"Power, Morissa",10187,0,2,0,5,5,3,0,46799,1,19,Production Technician I,MA,1742,1984-10-15,F,Divorced,Eligible NonCitizen,No,Asian,5/16/2011,6/4/2018,Another position,Voluntarily Terminated,Production       ,Kissy Sullivan,20.0,Google Search,Fully Meets,3.17,4,0,4/2/2018,0,14,39.0
"Quinn, Sean",10131,1,1,1,5,1,3,1,83363,1,23,Software Engineer,MA,2045,1984-11-06,M ,Married,Eligible NonCitizen,No,Black or African American,2/21/2011,8/15/2015,career change,Voluntarily Terminated,Software Engineering,Janet King,2.0,Diversity Job Fair,Fully Meets,4.15,4,0,4/19/2014,0,4,39.0
"Rachael, Maggie",10239,1,1,0,1,3,3,0,95920,0,4,BI Developer,MA,2110,1980-05-12,F,Married,US Citizen,No,Black or African American,10/2/2016,2024-01-01,N/A-StillEmployed,Active,IT/IS,Brian Champaigne,13.0,Indeed,Fully Meets,4.4,4,6,2/6/2019,0,10,43.0
"Rarrick, Quinn",10152,0,2,1,5,5,3,0,61729,1,19,Production Technician I,MA,2478,1984-12-31,M ,Divorced,US Citizen,No,White,9/26/2011,4/7/2018,more money,Voluntarily Terminated,Production       ,Michael Albert,22.0,Indeed,Fully Meets,3.8,5,0,2/4/2018,0,19,39.0
"Rhoads, Thomas",10058,0,2,1,5,5,3,0,45115,1,19,Production Technician I,MA,2176,1982-07-22,M ,Divorced,US Citizen,Yes,White,5/16/2011,1/15/2016,retiring,Voluntarily Terminated,Production       ,Elijiah Gray,16.0,LinkedIn,Fully Meets,5.0,4,0,3/30/2015,0,11,41.0
"Roberson, May",10230,0,2,0,5,5,3,0,64971,1,20,Production Technician II,MA,1902,1981-09-05,F,Divorced,Eligible NonCitizen,No,Black or African American,9/26/2011,10/22/2011,return to school,Voluntarily Terminated,Production       ,David Stanley,14.0,Google Search,Fully Meets,4.5,4,0,10/22/2011,0,10,42.0
"Robinson, Alain  ",10047,1,1,1,5,5,3,0,50428,1,19,Production Technician I,MA,1420,1974-01-07,M ,Married,US Citizen,No,Black or African American,1/10/2011,1/26/2016,attendance,Voluntarily Terminated,Production       ,Amy Dunn,11.0,Indeed,Fully Meets,5.0,3,0,1/10/2015,0,11,50.0
"Robinson, Cherly",10285,1,1,0,4,5,2,0,61422,1,19,Production Technician I,MA,1460,1985-01-07,F,Married,US Citizen,No,White,1/10/2011,5/17/2016,attendance,Terminated for Cause,Production       ,Ketsia Liebig,19.0,Indeed,Needs Improvement,3.6,3,0,4/5/2016,4,16,39.0
"Robinson, Elias",10020,0,4,1,1,5,4,0,63353,0,19,Production Technician I,MA,1730,1985-01-28,M ,Widowed,US Citizen,No,White,7/8/2013,2024-01-01,N/A-StillEmployed,Active,Production       ,Brannon Miller,12.0,Employee Referral,Exceeds,3.6,5,0,2/11/2019,0,4,39.0
"Roby, Lori ",10162,1,1,0,1,3,3,0,89883,0,9,Data Analyst,MA,1886,1981-10-11,F,Married,US Citizen,No,White,2/16/2015,2024-01-01,N/A-StillEmployed,Active,IT/IS,Simon Roup,4.0,Employee Referral,Fully Meets,3.69,5,6,2/14/2019,0,15,42.0
"Rose, Ashley  ",10054,0,3,0,1,5,3,0,60627,0,19,Production Technician I,MA,1886,1974-12-05,F,Separated,US Citizen,No,White,1/6/2014,2024-01-01,N/A-StillEmployed,Active,Production       ,David Stanley,14.0,Website,Fully Meets,5.0,4,0,1/31/2019,0,8,49.0
"Rossetti, Bruno",10065,0,0,1,5,5,3,0,53180,1,19,Production Technician I,MA,2155,1987-03-18,M ,Single,US Citizen,No,White,4/4/2011,8/13/2018,Another position,Voluntarily Terminated,Production       ,Kissy Sullivan,20.0,Google Search,Fully Meets,5.0,5,0,7/2/2018,0,4,36.0
"Saada, Adell",10126,1,1,0,1,4,3,0,86214,0,24,Software Engineer,MA,2132,1986-07-24,F,Married,US Citizen,No,White,11/5/2012,2024-01-01,N/A-StillEmployed,Active,Software Engineering,Alex Sweetwater,10.0,Indeed,Fully Meets,4.2,3,6,2/13/2019,0,2,37.0
"Sadki, Nore  ",10260,0,0,1,5,5,3,0,46428,1,19,Production Technician I,MA,2148,1974-12-21,M ,Single,US Citizen,No,White,1/5/2009,7/30/2018,relocation out of area,Voluntarily Terminated,Production       ,Michael Albert,22.0,Google Search,Fully Meets,4.6,5,0,2/5/2018,0,7,49.0
"Sahoo, Adil",10233,1,1,1,1,5,3,0,57975,0,20,Production Technician II,MA,2062,1986-04-26,M ,Married,US Citizen,No,White,8/30/2010,2024-01-01,N/A-StillEmployed,Active,Production       ,Kelley Spirea,18.0,CareerBuilder,Fully Meets,4.1,3,0,1/10/2019,0,13,37.0
"Salter, Jason",10229,0,2,1,5,3,3,0,88527,1,9,Data Analyst ,MA,2452,1987-12-17,M ,Divorced,US Citizen,No,Black or African American,1/5/2015,10/31/2015,hours,Voluntarily Terminated,IT/IS,Simon Roup,4.0,LinkedIn,Fully Meets,4.2,3,5,4/20/2015,0,2,36.0
"Sander, Kamrin",10169,1,1,0,1,5,3,0,56147,0,19,Production Technician I,MA,2154,1988-07-10,F,Married,US Citizen,No,Black or African American,9/29/2014,2024-01-01,N/A-StillEmployed,Active,Production       ,Elijiah Gray,16.0,LinkedIn,Fully Meets,3.51,3,0,2/18/2019,0,2,35.0
"Sewkumar, Nori",10071,0,0,0,3,5,3,0,50923,0,19,Production Technician I,MA,2191,1975-03-10,F,Single,US Citizen,No,Asian,9/30/2013,2024-01-01,N/A-StillEmployed,Active,Production       ,Webster Butler,0.0,Google Search,Fully Meets,5.0,5,0,2/6/2019,0,14,48.0
"Shepard, Anita ",10179,1,1,0,1,3,3,0,50750,0,15,Network Engineer,MA,1773,1981-04-14,F,Married,US Citizen,No,White,9/30/2014,2024-01-01,N/A-StillEmployed,Active,IT/IS,Peter Monroe,7.0,LinkedIn,Fully Meets,3.31,3,6,1/7/2019,0,7,42.0
"Shields, Seffi",10091,1,1,0,1,5,3,0,52087,0,19,Production Technician I,MA,2149,1985-08-24,F,Married,US Citizen,No,White,8/19/2013,2024-01-01,N/A-StillEmployed,Active,Production       ,Amy Dunn,11.0,LinkedIn,Fully Meets,4.81,4,0,2/15/2019,0,15,38.0
"Singh, Nan ",10039,0,0,0,1,1,3,0,51920,0,2,Administrative Assistant,MA,2330,1988-05-19,F,Single,US Citizen,No,White,5/1/2015,2024-01-01,N/A-StillEmployed,Active,Admin Offices,Brandon R. LeBlanc,1.0,Website,Fully Meets,5.0,3,5,1/15/2019,0,2,35.0
"Sloan, Constance",10095,0,0,0,5,5,3,0,63878,1,20,Production Technician II,MA,1851,1987-11-25,F,Single,US Citizen,No,White,10/26/2009,4/8/2015,maternity leave - did not return,Voluntarily Terminated,Production       ,Michael Albert,22.0,CareerBuilder,Fully Meets,4.68,4,0,4/2/2015,0,20,36.0
"Smith, John",10291,0,2,1,1,6,2,1,72992,0,21,Sales Manager,MA,1886,1984-08-16,M ,Divorced,US Citizen,No,Black or African American,5/18/2014,2024-01-01,N/A-StillEmployed,Active,Sales,Debra Houlihan,15.0,Diversity Job Fair,Needs Improvement,2.4,4,0,1/16/2019,2,16,39.0
"Smith, Leigh Ann",10153,1,1,0,5,1,3,1,55000,1,2,Administrative Assistant,MA,1844,1987-06-14,F,Married,US Citizen,No,Black or African American,9/26/2011,9/25/2013,career change,Voluntarily Terminated,Admin Offices,Brandon R. LeBlanc,1.0,Diversity Job Fair,Fully Meets,3.8,4,4,8/15/2013,0,17,36.0
"Soze, Keyser",10180,1,1,1,2,3,3,0,87565,0,28,Sr. Network Engineer,MA,1545,1983-02-09,M ,Married,US Citizen,No,Asian,6/30/2016,2024-01-01,N/A-StillEmployed,Active,IT/IS,Peter Monroe,7.0,LinkedIn,Fully Meets,3.27,4,5,1/14/2019,0,13,41.0
"Spirea, Kelley",10090,1,1,0,1,5,3,0,65714,0,18,Production Manager,MA,2451,1975-09-30,F,Married,US Citizen,No,White,10/2/2012,2024-01-01,N/A-StillEmployed,Active,Production       ,Janet King,2.0,LinkedIn,Fully Meets,4.83,5,0,2/14/2019,0,15,48.0
"Stanford,Barbara  M",10278,0,2,0,1,5,3,0,47961,0,19,Production Technician I,MA,2050,1982-08-25,F,Divorced,US Citizen,No,Two or more races,1/10/2011,2024-01-01,N/A-StillEmployed,Active,Production       ,Kissy Sullivan,20.0,Google Search,Fully Meets,4.1,4,0,2/7/2019,0,9,41.0
"Stansfield, Norman",10307,1,1,1,1,6,1,0,58273,0,3,Area Sales Manager,NV,89139,1974-05-09,M ,Married,US Citizen,No,White,5/12/2014,2024-01-01,N/A-StillEmployed,Active,Sales,Lynn Daneault,21.0,Website,PIP,1.81,2,0,1/17/2019,3,5,49.0
"Steans, Tyrone  ",10147,0,0,1,1,1,3,0,63003,0,1,Accountant I,MA,2703,1986-09-01,M ,Single,US Citizen,No,White,9/29/2014,2024-01-01,N/A-StillEmployed,Active,Admin Offices,Brandon R. LeBlanc,1.0,Indeed,Fully Meets,3.9,5,5,1/18/2019,0,9,37.0
"Stoica, Rick",10266,1,1,1,1,5,3,0,61355,0,19,Production Technician I,MA,2301,1985-03-14,M ,Married,US Citizen,No,Asian,2/17/2014,2024-01-01,N/A-StillEmployed,Active,Production       ,Kelley Spirea,18.0,LinkedIn,Fully Meets,4.7,3,0,1/11/2019,0,4,38.0
"Strong, Caitrin",10241,1,1,0,1,6,3,0,60120,0,3,Area Sales Manager,MT,59102,1989-05-12,F,Married,US Citizen,No,Black or African American,9/27/2010,2024-01-01,N/A-StillEmployed,Active,Sales,John Smith,17.0,Indeed,Fully Meets,4.1,4,0,1/31/2019,0,18,34.0
"Sullivan, Kissy ",10158,1,1,0,1,5,3,0,63682,0,18,Production Manager,MA,1776,1978-03-28,F,Married,US Citizen,No,Black or African American,1/8/2009,2024-01-01,N/A-StillEmployed,Active,Production       ,Janet King,2.0,Indeed,Fully Meets,3.73,4,0,1/24/2019,0,12,45.0
"Sullivan, Timothy",10117,1,1,1,1,5,3,0,63025,0,19,Production Technician I,MA,2747,1982-10-07,M ,Married,US Citizen,Yes,White,1/5/2015,2024-01-01,N/A-StillEmployed,Active,Production       ,Michael Albert,22.0,Google Search,Fully Meets,4.36,5,0,1/24/2019,0,10,41.0
"Szabo, Andrew",10024,0,0,1,1,4,4,0,92989,0,24,Software Engineer,MA,2140,1983-05-06,M ,Single,US Citizen,No,White,7/7/2014,2024-01-01,N/A-StillEmployed,Active,Software Engineering,Alex Sweetwater,10.0,LinkedIn,Exceeds,4.5,5,5,2/18/2019,0,1,40.0
"Tannen, Biff",10173,1,1,1,1,3,3,0,90100,0,4,BI Developer,MA,2134,1987-10-24,M ,Married,US Citizen,No,White,4/20/2017,2024-01-01,N/A-StillEmployed,Active,IT/IS,Brian Champaigne,13.0,Indeed,Fully Meets,3.4,3,6,1/2/2019,0,14,36.0
"Tavares, Desiree  ",10221,1,1,0,5,5,3,1,60754,1,19,Production Technician I,MA,1801,1975-04-03,F,Married,Non-Citizen,No,Black or African American,4/27/2009,4/1/2013,Another position,Voluntarily Terminated,Production       ,Webster Butler,39.0,Diversity Job Fair,Fully Meets,4.5,5,0,2/15/2012,0,11,48.0
"Thibaud, Kenneth",10268,0,4,1,5,5,3,0,67176,1,20,Production Technician II,MA,2472,1975-09-16,M ,Widowed,US Citizen,No,White,6/25/2007,8/30/2010,military,Voluntarily Terminated,Production       ,Webster Butler,39.0,Other,Fully Meets,4.1,4,0,7/14/2010,0,15,48.0
"Trang, Mei",10287,0,0,0,1,5,2,0,63025,0,19,Production Technician I,MA,2021,1983-05-16,F,Single,US Citizen,No,White,2/17/2014,2024-01-01,N/A-StillEmployed,Active,Production       ,David Stanley,14.0,LinkedIn,Needs Improvement,2.44,5,0,2/11/2019,4,18,40.0
"Tredinnick, Neville ",10044,1,1,1,5,3,3,0,75281,1,15,Network Engineer,MA,1420,1988-05-05,M ,Married,US Citizen,No,White,1/5/2015,2/12/2016,medical issues,Voluntarily Terminated,IT/IS,Peter Monroe,7.0,CareerBuilder,Fully Meets,5.0,3,5,4/15/2015,0,11,35.0
"True, Edward",10102,0,0,1,5,4,3,1,100416,1,24,Software Engineer,MA,2451,1983-06-14,M ,Single,Non-Citizen,No,Black or African American,2/18/2013,4/15/2018,medical issues,Voluntarily Terminated,Software Engineering,Alex Sweetwater,10.0,Diversity Job Fair,Fully Meets,4.6,3,4,2/12/2017,0,9,40.0
"Trzeciak, Cybil",10270,0,0,0,5,5,3,0,74813,1,20,Production Technician II,MA,1778,1985-03-15,F,Single,US Citizen,No,White,1/10/2011,7/2/2014,unhappy,Voluntarily Terminated,Production       ,Amy Dunn,11.0,LinkedIn,Fully Meets,4.4,3,0,1/5/2014,0,5,38.0
"Valentin,Jackie",10205,1,1,0,1,6,3,0,57859,0,3,Area Sales Manager,AZ,85006,1991-05-23,F,Married,US Citizen,No,Two or more races,7/5/2011,2024-01-01,N/A-StillEmployed,Active,Sales,John Smith,17.0,Indeed,Fully Meets,2.81,3,0,1/17/2019,0,16,32.0
"Veera, Abdellah ",10014,0,2,1,5,5,4,0,58523,1,19,Production Technician I,MA,2171,1987-01-31,M ,Divorced,US Citizen,No,White,8/13/2012,2/5/2016,maternity leave - did not return,Voluntarily Terminated,Production       ,Kissy Sullivan,20.0,LinkedIn,Exceeds,4.5,5,0,2/1/2016,0,15,37.0
"Villanueva, Noah",10253,0,0,1,1,6,3,0,55875,0,3,Area Sales Manager,ME,4063,1989-07-11,M ,Single,US Citizen,No,Asian,3/5/2012,2024-01-01,N/A-StillEmployed,Active,Sales,John Smith,17.0,Website,Fully Meets,4.5,4,0,1/18/2019,0,11,34.0
"Voldemort, Lord",10118,1,1,1,4,3,3,0,113999,1,8,Database Administrator,MA,1960,1986-08-07,M ,Married,US Citizen,No,Black or African American,2/16/2015,2/22/2017,"no-call, no-show",Terminated for Cause,IT/IS,Simon Roup,4.0,Employee Referral,Fully Meets,4.33,3,7,2/15/2017,0,9,37.0
"Volk, Colleen",10022,1,1,0,4,5,4,0,49773,1,19,Production Technician I,MA,2747,1986-06-03,F,Married,US Citizen,No,White,9/26/2011,2/8/2016,gross misconduct,Terminated for Cause,Production       ,Kelley Spirea,18.0,Google Search,Exceeds,4.3,5,0,2/1/2015,0,18,37.0
"Von Massenbach, Anna",10183,0,0,0,2,5,3,0,62068,0,19,Production Technician I,MA,2124,1985-04-06,F,Single,US Citizen,No,White,7/5/2015,2024-01-01,N/A-StillEmployed,Active,Production       ,Michael Albert,22.0,LinkedIn,Fully Meets,3.21,3,0,1/29/2019,0,7,38.0
"Walker, Roger",10190,0,0,1,1,5,3,0,66541,0,20,Production Technician II,MA,2459,1976-02-10,M ,Single,US Citizen,No,Black or African American,8/18/2014,2024-01-01,N/A-StillEmployed,Active,Production       ,Ketsia Liebig,19.0,Employee Referral,Fully Meets,3.11,5,0,2/12/2019,0,4,48.0
"Wallace, Theresa",10293,0,0,0,5,5,2,0,50274,1,19,Production Technician I,MA,1887,1980-08-02,F,Single,US Citizen,No,White,8/13/2012,9/1/2015,career change,Voluntarily Terminated,Production       ,Elijiah Gray,16.0,CareerBuilder,Needs Improvement,2.5,3,0,9/5/2014,6,13,43.0
"Wang, Charlie",10172,0,0,1,1,3,3,0,84903,0,22,Senior BI Developer,MA,1887,1981-07-08,M ,Single,US Citizen,No,Asian,2/15/2017,2024-01-01,N/A-StillEmployed,Active,IT/IS,Brian Champaigne,13.0,Indeed,Fully Meets,3.42,4,7,1/4/2019,0,17,42.0
"Warfield, Sarah",10127,0,4,0,1,3,3,0,107226,0,28,Sr. Network Engineer,MA,2453,1978-05-02,F,Widowed,US Citizen,No,Asian,3/30/2015,2024-01-01,N/A-StillEmployed,Active,IT/IS,Peter Monroe,7.0,Employee Referral,Fully Meets,4.2,4,8,2/5/2019,0,7,45.0
"Whittier, Scott",10072,0,0,1,5,5,3,0,58371,1,19,Production Technician I,MA,2030,1987-05-24,M ,Single,US Citizen,Yes,White,1/10/2011,5/15/2014,hours,Voluntarily Terminated,Production       ,Webster Butler,39.0,LinkedIn,Fully Meets,5.0,5,0,5/15/2014,0,11,36.0
"Wilkes, Annie",10204,0,2,0,5,5,3,0,58062,1,19,Production Technician I,MA,1876,1983-07-30,F,Divorced,US Citizen,No,White,1/10/2011,5/14/2012,Another position,Voluntarily Terminated,Production       ,Ketsia Liebig,19.0,Google Search,Fully Meets,3.6,5,0,2/6/2011,0,9,40.0
"Wolk, Hang  T",10174,0,0,0,1,5,3,0,60446,0,20,Production Technician II,MA,2302,1985-04-20,F,Single,US Citizen,No,White,9/29/2014,2024-01-01,N/A-StillEmployed,Active,Production       ,David Stanley,14.0,LinkedIn,Fully Meets,3.4,4,0,2/21/2019,0,14,38.0
"Woodson, Jason",10135,0,0,1,1,5,3,0,65893,0,20,Production Technician II,MA,1810,1985-05-11,M ,Single,US Citizen,No,White,7/7/2014,2024-01-01,N/A-StillEmployed,Active,Production       ,Kissy Sullivan,20.0,LinkedIn,Fully Meets,4.07,4,0,2/28/2019,0,13,38.0
"Ybarra, Catherine ",10301,0,0,0,5,5,1,0,48513,1,19,Production Technician I,MA,2458,1982-05-04,F,Single,US Citizen,No,Asian,9/2/2008,9/29/2015,Another position,Voluntarily Terminated,Production       ,Brannon Miller,12.0,Google Search,PIP,3.2,2,0,9/2/2015,5,4,41.0
"Zamora, Jennifer",10010,0,0,0,1,3,4,0,220450,0,6,CIO,MA,2067,1979-08-30,F,Single,US Citizen,No,White,4/10/2010,2024-01-01,N/A-StillEmployed,Active,IT/IS,Janet King,2.0,Employee Referral,Exceeds,4.6,5,6,2/21/2019,0,16,44.0
"Zhou, Julia",10043,0,0,0,1,3,3,0,89292,0,9,Data Analyst,MA,2148,1979-02-24,F,Single,US Citizen,No,White,3/30/2015,2024-01-01,N/A-StillEmployed,Active,IT/IS,Simon Roup,4.0,Employee Referral,Fully Meets,5.0,3,5,2/1/2019,0,11,44.0
"Zima, Colleen",10271,0,4,0,1,5,3,0,45046,0,19,Production Technician I,MA,1730,1978-08-17,F,Widowed,US Citizen,No,Asian,9/29/2014,2024-01-01,N/A-StillEmployed,Active,Production       ,David Stanley,14.0,LinkedIn,Fully Meets,4.5,5,0,1/30/2019,0,2,45.0
